{
  "test_MAE": 18.86479691608262,
  "test_RMSE": 27.65682895677916,
  "test_R2": 0.9979060294012665,
  "n_train": 3400,
  "n_test": 834,
  "n_features": 20
}